"0","library(ggplot2)"
"0","g=ggplot(spruce.df, aes(x=BHDiameter,y=Height,color=BHDiameter))"
"0","g=g+geom_point() + geom_line()+ geom_smooth(method=""lm"")"
"0","g+ggtitle(""Tree Height vs Breast Height Diameter - Shone Renjan"")"
"1","[38;5;232m`geom_smooth()` using formula = 'y ~ x'[39m
"
"2","Warning:"
"2"," [38;5;232mThe following aesthetics were dropped during statistical
transformation: [32mcolour[38;5;232m.
[36mℹ[38;5;232m This can happen when ggplot fails to infer the correct
  grouping structure in the data.
[36mℹ[38;5;232m Did you forget to specify a `group` aesthetic or to
  convert a numerical variable into a factor?[39m
"
