{"chunk_definitions":[{"row":14,"row_count":1,"visible":true,"expansion_state":0,"options":{"engine":"r","label":"setup","include":false,"dev":"png"},"document_id":"11124DC2","chunk_id":"csetup_chunk","chunk_label":"setup"},{"row":20,"row_count":1,"visible":true,"expansion_state":0,"options":{"engine":"r","label":"unnamed-chunk-38","dev":"png"},"document_id":"11124DC2","chunk_id":"cfxpwm4w6xu3m","chunk_label":"unnamed-chunk-1"},{"row":27,"row_count":1,"visible":true,"expansion_state":0,"options":{"engine":"r","label":"unnamed-chunk-39","dev":"png"},"document_id":"11124DC2","chunk_id":"cdpe84knwkmxd","chunk_label":"unnamed-chunk-2"},{"row":36,"row_count":1,"visible":true,"expansion_state":0,"options":{"engine":"r","label":"unnamed-chunk-40","dev":"png"},"document_id":"11124DC2","chunk_id":"cvwhy1w0h79dv","chunk_label":"unnamed-chunk-3"},{"row":47,"row_count":1,"visible":true,"expansion_state":0,"options":{"engine":"r","label":"unnamed-chunk-41","dev":"png"},"document_id":"11124DC2","chunk_id":"c720wvxaoj4eq","chunk_label":"unnamed-chunk-4"},{"row":52,"row_count":1,"visible":true,"expansion_state":0,"options":{"engine":"r","label":"unnamed-chunk-42","dev":"png"},"document_id":"11124DC2","chunk_id":"comicpgzwmosx","chunk_label":"unnamed-chunk-5"},{"row":58,"row_count":1,"visible":true,"expansion_state":0,"options":{"engine":"r","label":"unnamed-chunk-43","dev":"png"},"document_id":"11124DC2","chunk_id":"c8saw2k9yrblo","chunk_label":"unnamed-chunk-6"},{"row":69,"row_count":1,"visible":true,"expansion_state":0,"options":{"engine":"r","label":"unnamed-chunk-44","dev":"png"},"document_id":"11124DC2","chunk_id":"cb4341ol6qxzs","chunk_label":"unnamed-chunk-7"},{"row":109,"row_count":1,"visible":true,"expansion_state":0,"options":{"engine":"r","label":"unnamed-chunk-48","dev":"png"},"document_id":"11124DC2","chunk_id":"cvd4z04m0ovxv","chunk_label":"unnamed-chunk-9"},{"row":116,"row_count":1,"visible":true,"expansion_state":0,"options":{"engine":"r","label":"unnamed-chunk-49","dev":"png"},"document_id":"11124DC2","chunk_id":"c507u7ubn661c","chunk_label":"unnamed-chunk-10"},{"row":123,"row_count":1,"visible":true,"expansion_state":0,"options":{"engine":"r","label":"unnamed-chunk-52","dev":"png"},"document_id":"11124DC2","chunk_id":"ck7jgp7dk1ujh","chunk_label":"unnamed-chunk-11"},{"row":128,"row_count":1,"visible":true,"expansion_state":0,"options":{"engine":"r","label":"unnamed-chunk-53","dev":"png"},"document_id":"11124DC2","chunk_id":"cbzw46p9616mj","chunk_label":"unnamed-chunk-12"},{"row":134,"row_count":1,"visible":true,"expansion_state":0,"options":{"engine":"r","label":"unnamed-chunk-54","dev":"png"},"document_id":"11124DC2","chunk_id":"cxgus98pknb5y","chunk_label":"unnamed-chunk-13"},{"row":141,"row_count":1,"visible":true,"expansion_state":0,"options":{"engine":"r","label":"unnamed-chunk-55","dev":"png"},"document_id":"11124DC2","chunk_id":"cn3azevmekqv6","chunk_label":"unnamed-chunk-14"},{"row":144,"row_count":1,"visible":true,"expansion_state":0,"options":{"engine":"r","label":"unnamed-chunk-56","dev":"png"},"document_id":"11124DC2","chunk_id":"c5j5ttzd5t77u","chunk_label":"unnamed-chunk-15"},{"row":166,"row_count":1,"visible":true,"expansion_state":0,"options":{"engine":"r","label":"unnamed-chunk-63","dev":"png"},"document_id":"11124DC2","chunk_id":"cka3s6ckcljpl","chunk_label":"unnamed-chunk-16"},{"row":174,"row_count":1,"visible":true,"expansion_state":0,"options":{"engine":"r","label":"unnamed-chunk-64","dev":"png"},"document_id":"11124DC2","chunk_id":"c6vhqxfi0zl5m","chunk_label":"unnamed-chunk-17"}],"doc_write_time":1725920607,"working_dir":null,"default_chunk_options":{"echo":true},"chunk_rendered_width":700}